user_id,restaurant_id,rating,timestamp,interaction_type
user_0267,rest_0088,4,2024-11-09 21:56:02.650612,like
user_0312,rest_0101,4,2024-11-17 08:12:02.650612,review
user_0422,rest_0271,3,2025-03-08 23:47:02.650612,review
user_0065,rest_0121,4,2025-08-19 15:37:02.650612,bookmark
user_0068,rest_0953,5,2025-07-22 18:55:02.650612,bookmark
user_0323,rest_0065,4,2025-01-02 15:44:02.650612,bookmark
user_0490,rest_0538,5,2025-06-21 18:39:02.650612,bookmark
user_0363,rest_0100,5,2025-03-16 13:29:02.650612,review
user_0054,rest_0205,5,2024-11-29 21:41:02.650612,view
user_0402,rest_0965,2,2025-02-10 17:15:02.650612,like
user_0429,rest_0777,5,2025-02-15 02:47:02.650612,view
user_0198,rest_0812,3,2025-09-02 06:34:02.650612,view
user_0038,rest_0102,3,2024-12-14 19:31:02.650612,view
user_0305,rest_0914,5,2025-08-03 15:52:02.650612,bookmark
user_0281,rest_0825,5,2025-09-14 06:32:02.650612,like
user_0489,rest_0604,4,2024-10-21 12:09:02.650612,review
user_0278,rest_0193,5,2024-11-03 07:13:02.650612,like
user_0332,rest_0540,4,2025-08-25 07:27:02.650612,like
user_0490,rest_0242,5,2025-02-28 08:57:02.650612,view
user_0197,rest_0761,3,2025-02-07 20:57:02.650612,bookmark
user_0481,rest_0408,4,2025-09-03 00:00:02.650612,review
user_0367,rest_0116,4,2024-10-30 22:02:02.650612,like
user_0161,rest_0298,3,2025-08-26 23:33:02.650612,view
user_0299,rest_0206,2,2024-10-24 07:58:02.650612,view
user_0112,rest_0606,4,2025-04-05 13:17:02.650612,like
user_0021,rest_0294,3,2025-07-19 08:33:02.650612,view
user_0094,rest_0472,4,2025-01-24 02:06:02.650612,like
user_0436,rest_0084,4,2025-06-25 10:40:02.650612,view
user_0487,rest_0226,4,2024-11-21 17:40:02.650612,like
user_0402,rest_0998,4,2025-08-11 09:16:02.650612,bookmark
user_0282,rest_0791,4,2025-08-13 15:04:02.650612,bookmark
user_0456,rest_0746,3,2025-01-29 19:55:02.650612,view
user_0372,rest_0428,3,2024-09-26 12:39:02.650612,view
user_0282,rest_0895,2,2025-06-20 11:40:02.650612,like
user_0261,rest_0251,5,2025-03-22 11:59:02.650612,like
user_0023,rest_0443,3,2025-08-15 06:05:02.650612,bookmark
user_0296,rest_0873,4,2024-12-15 08:40:02.650612,review
user_0225,rest_0365,3,2024-10-26 12:40:02.650612,bookmark
user_0108,rest_0390,4,2024-12-06 07:37:02.650612,view
user_0415,rest_0055,5,2024-11-14 11:42:02.650612,review
user_0210,rest_0448,4,2024-10-09 00:35:02.650612,like
user_0075,rest_0437,5,2025-01-27 01:32:02.650612,review
user_0326,rest_0282,3,2025-08-21 05:04:02.650612,like
user_0337,rest_0219,4,2024-12-11 19:42:02.650612,bookmark
user_0193,rest_0602,3,2024-11-10 20:11:02.650612,review
user_0423,rest_0325,3,2024-11-05 01:29:02.650612,view
user_0447,rest_0507,5,2025-06-15 09:13:02.650612,review
user_0042,rest_0338,3,2025-06-22 09:15:02.650612,like
user_0404,rest_0301,4,2025-06-10 23:32:02.650612,view
user_0299,rest_0500,4,2025-06-18 09:35:02.650612,bookmark
user_0348,rest_0152,3,2024-12-30 09:34:02.650612,review
user_0091,rest_0760,4,2025-06-28 11:15:02.650612,bookmark
user_0051,rest_0084,4,2025-04-10 06:50:02.650612,view
user_0325,rest_0339,4,2024-11-02 00:29:02.650612,review
user_0045,rest_0012,5,2025-01-08 07:04:02.650612,view
user_0224,rest_0644,4,2025-08-19 12:17:02.650612,like
user_0345,rest_0473,3,2025-01-17 15:59:02.650612,like
user_0342,rest_0696,5,2025-07-14 02:32:02.650612,view
user_0178,rest_0417,5,2025-02-05 03:37:02.650612,like
user_0294,rest_0389,4,2024-12-15 09:31:02.650612,view
user_0286,rest_0578,4,2025-02-14 06:06:02.650612,bookmark
user_0420,rest_0457,5,2025-06-27 01:29:02.650612,bookmark
user_0446,rest_0618,4,2025-01-12 02:52:02.650612,like
user_0444,rest_0828,4,2024-12-19 12:16:02.650612,review
user_0065,rest_0035,4,2025-04-21 11:33:02.650612,view
user_0440,rest_0936,5,2024-12-15 10:06:02.650612,review
user_0166,rest_0374,4,2025-01-27 01:34:02.650612,bookmark
user_0121,rest_0091,4,2025-07-27 06:22:02.650612,like
user_0205,rest_0879,5,2024-12-18 14:07:02.650612,like
user_0416,rest_0756,4,2025-02-02 03:34:02.650612,review
user_0378,rest_0365,5,2024-09-21 01:25:02.650612,review
user_0402,rest_0212,4,2025-01-23 13:53:02.650612,view
user_0203,rest_0059,4,2024-12-08 21:12:02.650612,bookmark
user_0049,rest_0395,5,2025-03-07 04:22:02.650612,bookmark
user_0010,rest_0709,4,2025-03-15 17:37:02.650612,like
user_0399,rest_0035,3,2025-03-02 17:31:02.650612,review
user_0455,rest_0991,4,2025-07-28 05:28:02.650612,like
user_0444,rest_0186,3,2025-03-08 09:39:02.650612,review
user_0040,rest_0330,4,2025-01-11 06:19:02.650612,bookmark
user_0011,rest_0738,5,2025-01-15 17:15:02.650612,view
user_0107,rest_0292,3,2024-11-07 23:03:02.650612,review
user_0280,rest_0966,4,2025-04-08 12:47:02.650612,view
user_0053,rest_0667,4,2024-12-04 22:40:02.650612,review
user_0377,rest_0619,4,2025-08-03 00:07:02.650612,like
user_0014,rest_0160,3,2025-03-18 06:54:02.650612,review
user_0412,rest_0824,4,2025-02-21 07:25:02.650612,bookmark
user_0000,rest_0369,3,2024-11-25 07:17:02.650612,review
user_0273,rest_0464,3,2025-05-26 11:18:02.650612,view
user_0407,rest_0975,2,2025-03-27 02:25:02.650612,review
user_0112,rest_0434,4,2025-04-21 16:14:02.650612,bookmark
user_0211,rest_0406,4,2024-10-22 01:07:02.650612,bookmark
user_0077,rest_0898,3,2025-06-16 20:10:02.650612,view
user_0016,rest_0791,5,2024-11-29 21:16:02.650612,review
user_0430,rest_0157,5,2025-03-30 20:06:02.650612,like
user_0017,rest_0091,3,2024-11-04 12:41:02.650612,like
user_0492,rest_0462,4,2025-03-01 01:39:02.650612,view
user_0101,rest_0214,2,2024-10-13 17:12:02.650612,view
user_0166,rest_0023,5,2025-02-05 14:06:02.650612,review
user_0404,rest_0677,5,2024-10-08 14:49:02.650612,review
user_0405,rest_0003,5,2025-05-24 03:19:02.650612,bookmark
user_0375,rest_0518,4,2025-09-04 08:21:02.650612,like
user_0356,rest_0527,2,2025-07-04 01:33:02.650612,bookmark
user_0271,rest_0966,4,2025-02-15 04:33:02.650612,bookmark
user_0232,rest_0665,4,2025-08-09 12:23:02.650612,like
user_0452,rest_0565,2,2025-03-22 15:14:02.650612,bookmark
user_0369,rest_0790,5,2025-06-19 08:11:02.650612,review
user_0313,rest_0491,4,2025-04-14 16:19:02.650612,view
user_0034,rest_0100,5,2024-11-22 01:54:02.650612,view
user_0103,rest_0377,5,2024-12-23 23:01:02.650612,review
user_0036,rest_0595,5,2025-01-01 16:30:02.650612,view
user_0270,rest_0506,3,2024-10-23 05:03:02.650612,like
user_0382,rest_0372,3,2025-08-09 14:21:02.650612,review
user_0452,rest_0234,4,2024-12-18 13:24:02.650612,bookmark
user_0336,rest_0328,5,2025-07-21 10:58:02.650612,bookmark
user_0265,rest_0460,3,2025-02-17 20:18:02.650612,like
user_0261,rest_0638,5,2025-07-06 00:05:02.650612,view
user_0070,rest_0219,4,2025-07-12 03:13:02.650612,bookmark
user_0415,rest_0737,5,2025-07-06 08:35:02.650612,like
user_0375,rest_0950,4,2025-03-02 11:10:02.650612,review
user_0464,rest_0594,5,2025-08-11 05:01:02.650612,review
user_0222,rest_0588,4,2024-11-17 03:46:02.650612,view
user_0195,rest_0509,4,2025-06-11 21:19:02.650612,like
user_0113,rest_0589,4,2025-08-27 19:24:02.650612,review
user_0258,rest_0853,4,2025-04-26 05:49:02.650612,review
user_0075,rest_0280,4,2024-10-29 11:35:02.650612,view
user_0280,rest_0118,4,2024-10-30 08:31:02.650612,review
user_0286,rest_0800,5,2025-04-07 16:35:02.650612,like
user_0124,rest_0133,2,2025-04-25 06:42:02.650612,view
user_0097,rest_0293,5,2025-07-18 16:00:02.650612,bookmark
user_0436,rest_0821,3,2024-10-14 03:38:02.650612,like
user_0342,rest_0206,2,2025-07-12 17:32:02.650612,view
user_0145,rest_0240,5,2025-09-08 15:16:02.650612,view
user_0338,rest_0568,4,2025-08-20 07:54:02.650612,view
user_0009,rest_0349,5,2025-08-15 08:13:02.650612,review
user_0272,rest_0525,4,2024-12-27 12:28:02.650612,view
user_0020,rest_0583,4,2025-06-15 05:20:02.650612,review
user_0009,rest_0325,3,2025-03-16 07:39:02.650612,bookmark
user_0256,rest_0742,5,2024-10-18 16:15:02.650612,review
user_0077,rest_0211,3,2025-04-06 17:07:02.650612,view
user_0446,rest_0065,5,2025-01-11 09:14:02.650612,like
user_0465,rest_0381,5,2024-11-30 16:58:02.650612,like
user_0162,rest_0618,4,2025-06-16 19:06:02.650612,like
user_0305,rest_0475,5,2025-09-02 20:21:02.650612,view
user_0098,rest_0545,3,2025-04-13 20:58:02.650612,bookmark
user_0402,rest_0803,5,2024-11-11 10:28:02.650612,view
user_0376,rest_0140,5,2025-04-03 12:47:02.650612,view
user_0236,rest_0760,4,2025-02-14 15:57:02.650612,view
user_0279,rest_0936,4,2025-04-16 06:27:02.650612,view
user_0046,rest_0637,4,2025-09-06 16:57:02.650612,like
user_0367,rest_0400,4,2024-11-01 23:44:02.650612,review
user_0194,rest_0182,3,2024-12-13 06:35:02.650612,like
user_0492,rest_0934,4,2025-08-03 01:06:02.650612,like
user_0413,rest_0058,4,2025-05-27 03:12:02.650612,review
user_0334,rest_0773,5,2024-11-29 21:41:02.650612,bookmark
user_0091,rest_0762,4,2025-02-09 15:41:02.650612,like
user_0018,rest_0657,4,2025-02-17 06:22:02.650612,review
user_0419,rest_0539,4,2025-04-23 13:03:02.650612,bookmark
user_0241,rest_0950,3,2025-09-07 04:20:02.650612,review
user_0000,rest_0367,3,2025-05-13 16:49:02.650612,view
user_0353,rest_0043,4,2024-10-21 05:18:02.650612,bookmark
user_0392,rest_0454,2,2025-09-03 06:20:02.650612,review
user_0491,rest_0158,4,2024-12-15 02:20:02.650612,bookmark
user_0246,rest_0718,4,2025-05-10 13:56:02.650612,bookmark
user_0274,rest_0997,3,2025-07-09 17:20:02.650612,bookmark
user_0199,rest_0014,4,2024-11-15 05:44:02.650612,bookmark
user_0363,rest_0873,4,2025-04-15 22:30:02.650612,like
user_0486,rest_0219,4,2025-06-12 05:10:02.650612,view
user_0047,rest_0781,5,2024-09-29 11:56:02.650612,like
user_0446,rest_0169,2,2025-06-08 17:07:02.650612,like
user_0370,rest_0529,4,2025-04-03 18:54:02.650612,view
user_0002,rest_0441,4,2024-10-09 17:53:02.650612,view
user_0170,rest_0795,4,2024-10-09 23:32:02.650612,bookmark
user_0107,rest_0383,3,2024-12-24 05:16:02.650612,bookmark
user_0060,rest_0155,3,2024-12-06 04:06:02.650612,view
user_0263,rest_0159,4,2025-06-21 07:34:02.650612,bookmark
user_0138,rest_0901,4,2025-09-12 05:35:02.650612,like
user_0087,rest_0763,4,2025-07-27 06:33:02.650612,review
user_0025,rest_0276,2,2024-10-13 22:26:02.650612,review
user_0290,rest_0688,4,2025-09-09 10:05:02.650612,review
user_0240,rest_0454,2,2025-01-09 00:54:02.650612,bookmark
user_0433,rest_0047,5,2025-03-14 15:35:02.650612,like
user_0260,rest_0500,4,2025-09-16 23:19:02.650612,view
user_0236,rest_0628,5,2025-04-16 03:38:02.650612,like
user_0174,rest_0652,5,2025-09-07 14:26:02.650612,review
user_0249,rest_0486,4,2025-07-19 10:19:02.650612,view
user_0167,rest_0749,5,2025-08-20 21:04:02.650612,like
user_0387,rest_0410,5,2024-12-02 10:33:02.650612,bookmark
user_0228,rest_0218,5,2025-08-31 06:18:02.650612,bookmark
user_0495,rest_0043,5,2025-09-12 13:51:02.650612,bookmark
user_0443,rest_0127,3,2025-04-26 18:36:02.650612,review
user_0320,rest_0648,2,2025-03-31 08:23:02.650612,review
user_0279,rest_0815,4,2024-12-14 11:07:02.650612,like
user_0473,rest_0614,2,2025-04-18 00:17:02.650612,like
user_0068,rest_0581,5,2025-08-13 20:08:02.650612,review
user_0069,rest_0390,3,2025-08-11 09:54:02.650612,review
user_0319,rest_0889,4,2025-06-04 09:34:02.650612,review
user_0196,rest_0312,4,2024-12-21 09:37:02.650612,view
user_0295,rest_0024,4,2025-01-16 18:31:02.650612,bookmark
user_0360,rest_0027,5,2025-07-11 11:43:02.650612,view
user_0288,rest_0320,3,2025-08-05 11:36:02.650612,like
user_0293,rest_0569,4,2025-02-13 19:38:02.650612,view
user_0064,rest_0808,4,2025-02-06 04:07:02.650612,bookmark
user_0309,rest_0997,3,2025-07-16 19:08:02.650612,review
user_0394,rest_0999,5,2025-08-21 10:45:02.650612,like
user_0419,rest_0737,3,2024-12-11 10:24:02.650612,review
user_0272,rest_0089,3,2025-09-01 18:23:02.650612,review
user_0134,rest_0252,2,2025-04-26 20:17:02.650612,review
user_0489,rest_0734,3,2025-06-16 16:21:02.650612,review
user_0138,rest_0761,4,2024-11-06 04:40:02.650612,review
user_0383,rest_0213,4,2025-08-27 14:48:02.650612,like
user_0344,rest_0120,5,2024-10-20 20:25:02.650612,view
user_0268,rest_0802,5,2025-05-03 07:13:02.650612,bookmark
user_0128,rest_0315,4,2024-09-29 15:04:02.650612,view
user_0061,rest_0146,5,2025-07-23 00:23:02.650612,like
user_0094,rest_0585,4,2025-05-14 17:58:02.650612,view
user_0327,rest_0290,5,2025-02-05 09:43:02.650612,bookmark
user_0037,rest_0368,5,2024-10-18 08:23:02.650612,bookmark
user_0416,rest_0647,5,2025-04-29 22:30:02.650612,like
user_0220,rest_0050,3,2025-08-11 23:57:02.650612,review
user_0017,rest_0236,5,2025-07-06 19:15:02.650612,review
user_0276,rest_0106,4,2025-04-01 18:51:02.650612,review
user_0205,rest_0611,5,2025-08-13 22:22:02.650612,bookmark
user_0331,rest_0894,5,2025-06-26 21:23:02.650612,like
user_0458,rest_0511,5,2025-09-04 07:30:02.650612,view
user_0018,rest_0675,2,2025-07-17 03:30:02.650612,review
user_0329,rest_0442,4,2025-06-17 10:00:02.650612,view
user_0173,rest_0675,2,2024-10-08 08:06:02.650612,like
user_0274,rest_0804,5,2025-07-10 03:58:02.650612,view
user_0316,rest_0593,5,2025-09-11 16:07:02.650612,view
user_0312,rest_0524,3,2025-07-15 22:51:02.650612,view
user_0218,rest_0320,3,2025-08-30 08:19:02.650612,view
user_0303,rest_0086,4,2024-10-18 23:16:02.650612,like
user_0356,rest_0804,3,2024-12-10 10:14:02.650612,view
user_0068,rest_0919,5,2025-08-06 15:23:02.650612,like
user_0041,rest_0179,4,2024-12-16 22:44:02.650612,bookmark
user_0305,rest_0564,4,2025-05-30 15:04:02.650612,bookmark
user_0285,rest_0854,5,2024-11-16 12:05:02.650612,bookmark
user_0337,rest_0414,3,2024-10-14 02:06:02.650612,like
user_0090,rest_0284,5,2024-10-08 21:40:02.650612,bookmark
user_0145,rest_0706,3,2025-01-23 06:38:02.650612,review
user_0022,rest_0327,4,2024-10-13 13:10:02.650612,like
user_0402,rest_0553,5,2025-06-06 23:03:02.650612,like
user_0459,rest_0988,3,2024-11-12 06:13:02.650612,view
user_0456,rest_0048,4,2025-05-16 14:30:02.650612,view
user_0455,rest_0620,4,2025-01-05 15:28:02.650612,like
user_0198,rest_0229,3,2025-05-09 19:11:02.650612,bookmark
user_0171,rest_0631,4,2025-09-06 14:02:02.650612,bookmark
user_0296,rest_0222,5,2025-07-16 00:57:02.650612,view
user_0123,rest_0353,5,2024-09-23 18:45:02.650612,review
user_0183,rest_0884,3,2025-08-13 22:00:02.650612,review
user_0406,rest_0650,4,2025-09-01 22:38:02.650612,bookmark
user_0345,rest_0344,4,2024-10-12 23:23:02.650612,bookmark
user_0359,rest_0095,4,2025-01-10 06:21:02.650612,bookmark
user_0141,rest_0872,5,2025-03-26 07:27:02.650612,review
user_0231,rest_0070,3,2025-08-27 18:50:02.650612,view
user_0234,rest_0005,5,2025-04-05 01:17:02.650612,view
user_0055,rest_0095,5,2024-11-13 18:08:02.650612,review
user_0477,rest_0736,5,2025-03-13 09:27:02.650612,view
user_0431,rest_0168,5,2025-05-09 05:35:02.650612,like
user_0497,rest_0617,5,2024-10-11 00:21:02.650612,bookmark
user_0059,rest_0668,4,2025-02-26 14:07:02.650612,review
user_0133,rest_0943,3,2024-12-31 13:44:02.650612,view
user_0229,rest_0057,4,2024-12-09 13:18:02.650612,view
user_0471,rest_0514,4,2025-05-30 00:28:02.650612,bookmark
user_0079,rest_0215,3,2025-06-23 12:20:02.650612,bookmark
user_0020,rest_0430,4,2025-06-25 23:18:02.650612,view
user_0490,rest_0602,4,2025-06-06 08:11:02.650612,review
user_0203,rest_0167,5,2025-04-23 07:23:02.650612,bookmark
user_0179,rest_0743,4,2025-05-03 13:04:02.650612,like
user_0306,rest_0537,4,2025-01-01 05:29:02.650612,bookmark
user_0045,rest_0806,4,2025-08-10 04:25:02.650612,like
user_0070,rest_0264,4,2025-03-31 05:34:02.650612,review
user_0334,rest_0441,5,2025-02-11 09:10:02.650612,review
user_0125,rest_0431,4,2025-02-05 11:03:02.650612,bookmark
user_0061,rest_0012,5,2025-07-07 20:53:02.650612,bookmark
user_0074,rest_0667,4,2025-09-06 00:21:02.650612,like
user_0489,rest_0533,4,2025-02-12 05:32:02.650612,view
user_0263,rest_0123,4,2025-08-04 01:47:02.650612,view
user_0278,rest_0598,4,2025-02-25 17:50:02.650612,bookmark
user_0421,rest_0532,4,2024-11-26 12:17:02.650612,bookmark
user_0398,rest_0727,5,2025-03-10 01:05:02.650612,like
user_0113,rest_0263,4,2025-09-07 00:43:02.650612,like
user_0157,rest_0313,5,2024-11-21 22:26:02.650612,view
user_0039,rest_0184,5,2025-05-22 09:01:02.650612,like
user_0055,rest_0946,5,2025-08-20 12:36:02.650612,view
user_0240,rest_0451,4,2025-01-23 21:03:02.650612,bookmark
user_0341,rest_0535,2,2024-11-04 23:57:02.650612,like
user_0014,rest_0863,4,2025-02-06 14:21:02.650612,bookmark
user_0034,rest_0136,4,2025-07-09 20:32:02.650612,like
user_0366,rest_0896,5,2025-02-08 01:56:02.650612,view
user_0473,rest_0961,5,2025-06-02 18:29:02.650612,bookmark
user_0054,rest_0189,5,2025-03-17 08:26:02.650612,like
user_0263,rest_0159,4,2024-11-13 06:06:02.650612,review
user_0369,rest_0038,4,2025-03-03 11:06:02.650612,review
user_0219,rest_0012,5,2024-10-22 11:42:02.650612,bookmark
user_0091,rest_0562,5,2025-08-28 11:42:02.650612,view
user_0202,rest_0356,4,2025-08-20 17:04:02.650612,view
user_0073,rest_0474,4,2025-09-07 14:05:02.650612,like
user_0255,rest_0573,4,2025-09-17 14:36:02.650612,bookmark
user_0182,rest_0301,5,2025-07-22 08:30:02.650612,bookmark
user_0055,rest_0523,5,2025-05-25 11:13:02.650612,like
user_0015,rest_0792,4,2024-10-13 22:30:02.650612,view
user_0319,rest_0919,5,2024-10-26 17:47:02.650612,review
user_0277,rest_0353,5,2025-06-20 13:00:02.650612,view
user_0016,rest_0223,4,2025-08-20 05:55:02.650612,like
user_0243,rest_0361,3,2024-12-06 12:02:02.650612,review
user_0497,rest_0785,4,2025-08-29 07:48:02.650612,bookmark
user_0164,rest_0561,4,2025-07-15 21:07:02.650612,bookmark
user_0298,rest_0722,4,2025-08-03 06:23:02.650612,view
user_0219,rest_0700,4,2025-03-18 09:21:02.650612,view
user_0156,rest_0573,5,2024-12-11 20:33:02.650612,bookmark
user_0019,rest_0085,4,2025-04-21 14:31:02.650612,review
user_0136,rest_0004,4,2025-05-15 14:00:02.650612,bookmark
user_0173,rest_0697,4,2025-02-17 07:26:02.650612,like
user_0254,rest_0691,4,2024-10-25 13:12:02.650612,bookmark
user_0135,rest_0649,4,2025-07-07 08:50:02.650612,like
user_0296,rest_0957,5,2025-03-08 04:03:02.650612,review
user_0218,rest_0571,3,2024-10-26 16:51:02.650612,bookmark
user_0160,rest_0339,4,2025-04-10 04:38:02.650612,review
user_0255,rest_0231,4,2025-05-14 04:58:02.650612,review
user_0320,rest_0689,5,2024-12-28 07:28:02.650612,like
user_0123,rest_0136,4,2025-09-02 05:53:02.650612,review
user_0210,rest_0417,5,2024-10-19 16:12:02.650612,review
user_0018,rest_0387,4,2025-02-03 00:00:02.650612,bookmark
user_0443,rest_0934,5,2025-04-13 07:41:02.650612,view
user_0120,rest_0370,4,2025-05-30 23:32:02.650612,bookmark
user_0185,rest_0119,5,2025-03-24 05:00:02.650612,view
user_0282,rest_0472,3,2025-08-10 18:22:02.650612,view
user_0387,rest_0651,5,2025-01-02 01:57:02.650612,review
user_0357,rest_0522,4,2024-10-20 07:25:02.650612,bookmark
user_0390,rest_0872,5,2025-08-11 01:39:02.650612,review
user_0321,rest_0691,3,2025-07-07 22:06:02.650612,like
user_0163,rest_0221,2,2024-11-24 04:10:02.650612,bookmark
user_0409,rest_0834,4,2024-10-30 09:22:02.650612,like
user_0485,rest_0038,5,2025-06-29 16:38:02.650612,like
user_0464,rest_0311,5,2025-05-11 02:15:02.650612,like
user_0076,rest_0627,4,2025-03-24 01:35:02.650612,view
user_0195,rest_0157,5,2024-12-31 15:12:02.650612,bookmark
user_0214,rest_0196,4,2024-11-29 20:17:02.650612,bookmark
user_0240,rest_0450,5,2025-03-01 18:24:02.650612,like
user_0131,rest_0864,5,2025-06-28 21:02:02.650612,bookmark
user_0023,rest_0838,4,2025-06-02 15:23:02.650612,bookmark
user_0286,rest_0256,3,2024-12-17 04:09:02.650612,review
user_0221,rest_0129,4,2024-11-15 06:01:02.650612,like
user_0427,rest_0940,4,2025-03-20 09:17:02.650612,bookmark
user_0474,rest_0571,3,2025-02-24 09:56:02.650612,like
user_0096,rest_0363,4,2025-01-12 01:01:02.650612,review
user_0133,rest_0085,5,2025-05-14 09:06:02.650612,review
user_0047,rest_0465,4,2025-02-09 01:52:02.650612,like
user_0013,rest_0051,4,2025-08-30 23:24:02.650612,bookmark
user_0078,rest_0454,2,2025-05-10 18:41:02.650612,review
user_0232,rest_0133,3,2025-02-01 15:41:02.650612,view
user_0441,rest_0391,3,2025-08-12 05:19:02.650612,view
user_0045,rest_0475,3,2025-01-01 01:23:02.650612,review
user_0061,rest_0076,3,2025-04-26 19:50:02.650612,bookmark
user_0243,rest_0664,5,2025-07-21 09:04:02.650612,review
user_0218,rest_0233,5,2025-06-06 06:28:02.650612,like
user_0268,rest_0499,3,2025-05-14 09:04:02.650612,review
user_0153,rest_0553,4,2024-11-21 17:56:02.650612,bookmark
user_0218,rest_0161,4,2024-10-11 13:03:02.650612,view
user_0262,rest_0531,5,2025-04-22 09:05:02.650612,review
user_0416,rest_0410,5,2025-01-25 14:04:02.650612,view
user_0023,rest_0377,5,2025-09-12 05:19:02.650612,review
user_0009,rest_0972,4,2024-11-14 20:09:02.650612,review
user_0249,rest_0176,4,2025-07-29 07:43:02.650612,review
user_0097,rest_0381,5,2024-09-25 18:11:02.650612,view
user_0097,rest_0339,4,2025-05-12 00:29:02.650612,review
user_0011,rest_0210,4,2024-12-04 19:43:02.650612,review
user_0426,rest_0037,4,2025-03-05 20:05:02.650612,review
user_0148,rest_0492,4,2025-04-09 11:31:02.650612,review
user_0270,rest_0064,4,2025-07-09 06:34:02.650612,view
user_0259,rest_0374,3,2025-09-02 06:57:02.650612,review
user_0432,rest_0516,3,2025-01-01 05:43:02.650612,view
user_0252,rest_0290,4,2025-01-02 13:02:02.650612,view
user_0413,rest_0987,3,2025-04-24 23:38:02.650612,like
user_0249,rest_0090,4,2025-03-10 07:48:02.650612,view
user_0263,rest_0318,5,2024-11-09 18:02:02.650612,review
user_0499,rest_0480,3,2025-07-26 15:49:02.650612,view
user_0259,rest_0406,4,2025-08-04 23:54:02.650612,like
user_0050,rest_0139,4,2025-03-22 06:51:02.650612,like
user_0258,rest_0284,4,2025-01-31 07:44:02.650612,review
user_0125,rest_0600,4,2025-06-15 09:49:02.650612,like
user_0459,rest_0783,4,2025-06-08 17:22:02.650612,view
user_0043,rest_0816,4,2025-04-10 01:26:02.650612,view
user_0151,rest_0265,5,2025-08-31 18:34:02.650612,bookmark
user_0043,rest_0536,3,2025-03-07 08:45:02.650612,like
user_0266,rest_0861,5,2025-08-08 01:00:02.650612,view
user_0303,rest_0061,4,2025-02-19 19:26:02.650612,view
user_0374,rest_0032,5,2025-03-26 04:39:02.650612,bookmark
user_0063,rest_0810,4,2025-08-15 23:27:02.650612,bookmark
user_0232,rest_0182,4,2025-01-15 19:36:02.650612,like
user_0053,rest_0806,5,2025-07-12 02:51:02.650612,bookmark
user_0232,rest_0070,3,2025-09-16 09:52:02.650612,review
user_0073,rest_0091,4,2025-05-23 18:28:02.650612,like
user_0242,rest_0195,5,2024-12-06 13:22:02.650612,view
user_0056,rest_0021,5,2025-07-06 05:01:02.650612,like
user_0060,rest_0145,5,2025-03-27 05:17:02.650612,review
user_0215,rest_0403,4,2025-02-20 05:12:02.650612,like
user_0178,rest_0169,3,2024-10-09 09:29:02.650612,bookmark
user_0390,rest_0229,3,2025-08-08 10:47:02.650612,review
user_0198,rest_0918,3,2025-04-07 06:33:02.650612,view
user_0009,rest_0752,5,2025-06-16 01:00:02.650612,bookmark
user_0402,rest_0455,5,2025-09-13 14:27:02.650612,view
user_0478,rest_0375,5,2025-04-28 01:25:02.650612,view
user_0393,rest_0126,4,2025-02-21 09:42:02.650612,like
user_0166,rest_0712,5,2025-09-16 21:18:02.650612,review
user_0026,rest_0874,4,2025-07-19 14:14:02.650612,review
user_0137,rest_0451,3,2025-05-12 13:25:02.650612,view
user_0247,rest_0143,4,2025-08-07 03:57:02.650612,view
user_0191,rest_0241,4,2024-12-12 03:33:02.650612,review
user_0231,rest_0418,5,2025-05-12 15:17:02.650612,like
user_0000,rest_0966,3,2025-05-21 04:37:02.650612,bookmark
user_0261,rest_0729,4,2024-12-08 19:33:02.650612,view
user_0153,rest_0719,4,2025-09-08 23:52:02.650612,like
user_0139,rest_0704,3,2025-02-28 06:12:02.650612,review
user_0344,rest_0052,3,2025-06-28 18:44:02.650612,review
user_0275,rest_0635,5,2025-08-26 10:42:02.650612,view
user_0063,rest_0733,4,2024-12-24 09:59:02.650612,like
user_0380,rest_0905,4,2025-02-07 17:57:02.650612,bookmark
user_0098,rest_0881,5,2025-07-28 16:18:02.650612,like
user_0107,rest_0911,5,2025-08-09 08:06:02.650612,bookmark
user_0289,rest_0283,4,2025-07-15 00:46:02.650612,view
user_0065,rest_0238,3,2025-07-05 03:55:02.650612,bookmark
user_0314,rest_0260,1,2025-06-30 09:59:02.650612,review
user_0332,rest_0898,5,2025-03-01 09:53:02.650612,review
user_0185,rest_0937,4,2024-10-09 19:13:02.650612,view
user_0171,rest_0601,4,2025-07-05 20:46:02.650612,like
user_0100,rest_0281,3,2025-02-22 22:39:02.650612,view
user_0413,rest_0283,4,2025-08-03 06:52:02.650612,bookmark
user_0126,rest_0458,5,2025-01-17 06:52:02.650612,view
user_0406,rest_0927,4,2024-10-24 15:38:02.650612,review
user_0469,rest_0635,5,2025-02-24 18:03:02.650612,like
user_0226,rest_0186,2,2025-07-26 16:26:02.650612,view
user_0286,rest_0150,5,2025-03-31 08:05:02.650612,review
user_0227,rest_0403,3,2024-11-25 21:02:02.650612,like
user_0386,rest_0160,3,2025-07-12 13:48:02.650612,like
user_0347,rest_0269,5,2025-01-16 12:51:02.650612,view
user_0499,rest_0578,3,2024-12-28 22:20:02.650612,like
user_0493,rest_0778,2,2025-02-17 09:20:02.650612,like
user_0253,rest_0774,5,2024-09-18 16:13:02.650612,like
user_0284,rest_0113,4,2025-02-12 10:11:02.650612,bookmark
user_0089,rest_0751,4,2025-01-29 19:10:02.650612,bookmark
user_0466,rest_0554,4,2025-08-29 00:23:02.650612,view
user_0338,rest_0817,4,2025-06-13 15:55:02.650612,review
user_0097,rest_0480,3,2025-03-29 18:22:02.650612,bookmark
user_0332,rest_0554,5,2025-01-07 02:27:02.650612,like
user_0202,rest_0683,2,2025-04-22 08:35:02.650612,like
user_0180,rest_0932,3,2024-10-08 10:31:02.650612,bookmark
user_0218,rest_0598,5,2025-04-26 09:22:02.650612,review
user_0119,rest_0969,4,2024-10-25 07:56:02.650612,view
user_0060,rest_0161,4,2024-10-06 13:11:02.650612,bookmark
user_0144,rest_0306,4,2025-04-11 08:51:02.650612,view
user_0285,rest_0257,4,2024-11-27 14:54:02.650612,like
user_0173,rest_0846,3,2025-04-22 17:47:02.650612,review
user_0275,rest_0352,5,2025-07-13 20:35:02.650612,view
user_0472,rest_0515,4,2025-03-05 14:39:02.650612,review
user_0200,rest_0308,3,2025-04-02 02:29:02.650612,view
user_0155,rest_0634,3,2024-11-09 17:34:02.650612,like
user_0308,rest_0862,5,2024-12-21 02:03:02.650612,review
user_0145,rest_0735,3,2025-02-13 17:32:02.650612,view
user_0232,rest_0662,4,2025-06-08 20:09:02.650612,bookmark
user_0056,rest_0989,3,2025-04-19 11:46:02.650612,view
user_0309,rest_0456,5,2025-02-22 14:11:02.650612,review
user_0377,rest_0640,3,2025-08-13 10:21:02.650612,bookmark
user_0022,rest_0806,4,2024-12-06 04:55:02.650612,bookmark
user_0188,rest_0958,5,2024-11-09 12:48:02.650612,bookmark
user_0209,rest_0632,5,2025-01-24 02:31:02.650612,view
user_0236,rest_0607,3,2025-08-10 18:42:02.650612,review
user_0203,rest_0827,5,2025-01-22 23:44:02.650612,like
user_0486,rest_0645,4,2025-05-16 04:52:02.650612,like
user_0310,rest_0472,3,2025-02-13 23:33:02.650612,review
user_0086,rest_0965,4,2024-09-22 17:16:02.650612,like
user_0459,rest_0073,3,2025-09-05 05:27:02.650612,view
user_0306,rest_0266,4,2025-03-29 02:58:02.650612,like
user_0102,rest_0389,5,2025-04-19 19:59:02.650612,bookmark
user_0420,rest_0266,3,2025-08-24 22:13:02.650612,view
user_0085,rest_0781,3,2025-06-05 23:51:02.650612,bookmark
user_0118,rest_0075,4,2025-03-18 06:10:02.650612,view
user_0022,rest_0981,3,2025-01-06 09:18:02.650612,review
user_0171,rest_0980,4,2025-07-13 10:23:02.650612,like
user_0377,rest_0400,4,2025-01-19 15:04:02.650612,view
user_0151,rest_0357,5,2025-03-28 02:40:02.650612,view
user_0162,rest_0417,5,2024-10-07 12:49:02.650612,review
user_0384,rest_0745,3,2025-03-05 06:14:02.650612,like
user_0276,rest_0704,5,2025-08-23 03:50:02.650612,like
user_0266,rest_0768,4,2025-05-01 15:59:02.650612,view
user_0488,rest_0778,2,2025-08-07 00:12:02.650612,like
user_0046,rest_0823,5,2025-06-25 02:14:02.650612,view
user_0159,rest_0726,5,2024-12-27 03:26:02.650612,like
user_0246,rest_0963,3,2025-03-20 08:23:02.650612,like
user_0246,rest_0062,3,2025-03-31 09:53:02.650612,view
user_0153,rest_0799,4,2024-12-04 13:45:02.650612,like
user_0156,rest_0991,4,2025-03-28 13:37:02.650612,review
user_0002,rest_0566,5,2025-05-31 19:45:02.650612,bookmark
user_0196,rest_0144,5,2025-08-11 14:03:02.650612,review
user_0453,rest_0011,3,2024-11-19 08:58:02.650612,like
user_0490,rest_0739,4,2025-03-14 12:44:02.650612,review
user_0356,rest_0991,4,2025-04-02 09:46:02.650612,like
user_0330,rest_0622,4,2025-07-23 10:42:02.650612,like
user_0430,rest_0195,4,2024-11-14 22:40:02.650612,review
user_0416,rest_0007,5,2025-01-02 19:24:02.650612,bookmark
user_0049,rest_0013,3,2025-09-08 09:32:02.650612,review
user_0068,rest_0412,4,2024-12-19 12:06:02.650612,review
user_0383,rest_0483,5,2024-12-24 04:56:02.650612,review
user_0319,rest_0769,5,2025-08-08 01:04:02.650612,bookmark
user_0141,rest_0609,4,2024-10-02 14:14:02.650612,review
user_0051,rest_0296,5,2025-01-30 20:41:02.650612,view
user_0405,rest_0589,4,2025-07-22 12:47:02.650612,bookmark
user_0387,rest_0764,5,2025-04-24 06:22:02.650612,bookmark
user_0051,rest_0113,5,2025-09-09 08:45:02.650612,like
user_0096,rest_0969,4,2025-08-09 06:00:02.650612,bookmark
user_0447,rest_0348,5,2025-03-02 17:27:02.650612,like
user_0445,rest_0044,5,2025-07-06 18:31:02.650612,view
user_0276,rest_0223,3,2025-01-03 01:47:02.650612,view
user_0366,rest_0954,4,2025-03-03 08:48:02.650612,bookmark
user_0251,rest_0044,5,2025-09-06 06:54:02.650612,like
user_0000,rest_0908,3,2025-07-16 13:11:02.650612,review
user_0302,rest_0400,4,2025-04-06 20:33:02.650612,review
user_0161,rest_0696,4,2025-02-15 03:30:02.650612,review
user_0352,rest_0842,3,2025-09-13 14:29:02.650612,like
user_0414,rest_0838,5,2024-10-13 01:53:02.650612,review
user_0434,rest_0979,5,2024-09-28 13:24:02.650612,bookmark
user_0358,rest_0653,5,2025-04-05 23:07:02.650612,bookmark
user_0383,rest_0570,4,2025-08-15 20:22:02.650612,view
user_0439,rest_0375,5,2025-04-23 17:52:02.650612,like
user_0474,rest_0083,5,2025-03-18 11:10:02.650612,view
user_0332,rest_0938,5,2025-04-27 00:39:02.650612,review
user_0125,rest_0051,4,2025-01-18 08:30:02.650612,bookmark
user_0005,rest_0074,4,2024-10-28 23:30:02.650612,like
user_0196,rest_0250,4,2025-08-13 18:26:02.650612,bookmark
user_0275,rest_0216,4,2025-09-09 20:24:02.650612,review
user_0092,rest_0860,4,2025-05-03 06:06:02.650612,view
user_0385,rest_0492,5,2024-11-19 12:18:02.650612,bookmark
user_0336,rest_0340,4,2025-02-16 21:32:02.650612,bookmark
user_0337,rest_0091,3,2024-11-27 14:30:02.650612,bookmark
user_0096,rest_0713,5,2025-01-05 00:37:02.650612,like
user_0130,rest_0686,4,2025-08-15 01:24:02.650612,review
user_0355,rest_0957,4,2024-12-29 22:39:02.650612,bookmark
user_0288,rest_0068,5,2025-06-05 15:09:02.650612,review
user_0420,rest_0200,3,2025-04-27 08:00:02.650612,like
user_0272,rest_0083,5,2025-06-24 09:03:02.650612,bookmark
user_0139,rest_0325,4,2025-01-10 03:59:02.650612,view
user_0063,rest_0810,4,2025-02-20 14:51:02.650612,review
user_0311,rest_0022,4,2024-10-11 01:19:02.650612,review
user_0092,rest_0290,4,2025-08-30 13:34:02.650612,review
user_0132,rest_0966,4,2025-06-06 18:08:02.650612,like
user_0073,rest_0302,4,2025-01-30 21:57:02.650612,bookmark
user_0416,rest_0431,4,2025-08-07 22:18:02.650612,review
user_0483,rest_0223,4,2025-07-07 21:04:02.650612,bookmark
user_0357,rest_0090,4,2024-09-24 15:11:02.650612,view
user_0311,rest_0583,4,2025-05-04 01:42:02.650612,like
user_0089,rest_0152,2,2024-11-24 12:21:02.650612,view
user_0087,rest_0653,4,2024-11-13 06:57:02.650612,like
user_0148,rest_0036,4,2025-02-14 04:12:02.650612,view
user_0181,rest_0106,4,2025-04-25 11:11:02.650612,view
user_0078,rest_0883,4,2025-05-23 20:08:02.650612,bookmark
user_0082,rest_0080,5,2025-04-26 20:21:02.650612,like
user_0020,rest_0716,4,2025-04-20 19:20:02.650612,view
user_0199,rest_0837,3,2024-11-10 20:07:02.650612,like
user_0176,rest_0269,5,2025-09-02 03:02:02.650612,bookmark
user_0377,rest_0149,4,2025-05-20 05:17:02.650612,review
user_0414,rest_0319,5,2025-06-01 15:10:02.650612,like
user_0437,rest_0090,5,2025-08-07 00:13:02.650612,view
user_0067,rest_0024,4,2025-02-04 02:58:02.650612,like
user_0218,rest_0360,4,2024-12-27 22:54:02.650612,view
user_0194,rest_0045,4,2025-02-20 18:39:02.650612,like
user_0113,rest_0534,4,2025-05-19 21:31:02.650612,review
user_0329,rest_0515,4,2024-11-12 04:22:02.650612,bookmark
user_0482,rest_0232,4,2025-04-19 03:19:02.650612,view
user_0093,rest_0321,5,2024-10-13 17:46:02.650612,bookmark
user_0186,rest_0583,4,2024-11-12 23:41:02.650612,view
user_0441,rest_0517,3,2025-03-20 19:50:02.650612,bookmark
user_0097,rest_0439,4,2025-05-02 23:03:02.650612,bookmark
user_0369,rest_0469,5,2024-11-21 02:25:02.650612,bookmark
user_0247,rest_0027,5,2025-05-31 20:09:02.650612,bookmark
user_0148,rest_0514,4,2025-07-02 21:49:02.650612,like
user_0038,rest_0378,4,2025-06-04 08:34:02.650612,review
user_0105,rest_0928,3,2024-12-07 14:12:02.650612,view
user_0112,rest_0554,4,2025-02-01 13:06:02.650612,like
user_0114,rest_0660,5,2025-01-16 05:01:02.650612,like
user_0474,rest_0240,5,2024-10-13 16:14:02.650612,like
user_0143,rest_0887,4,2024-09-25 13:41:02.650612,view
user_0222,rest_0052,4,2025-05-19 22:30:02.650612,like
user_0235,rest_0189,3,2024-12-16 02:35:02.650612,review
user_0331,rest_0472,3,2025-02-22 01:55:02.650612,like
user_0311,rest_0396,5,2024-11-28 22:26:02.650612,like
user_0478,rest_0491,4,2025-01-21 22:16:02.650612,like
user_0362,rest_0054,4,2024-11-27 11:47:02.650612,review
user_0124,rest_0311,3,2025-09-06 04:39:02.650612,view
user_0428,rest_0512,3,2024-09-17 03:00:02.650612,like
user_0350,rest_0717,5,2024-11-13 11:09:02.650612,view
user_0114,rest_0873,4,2025-02-08 07:03:02.650612,bookmark
user_0060,rest_0698,4,2024-10-29 21:37:02.650612,like
user_0154,rest_0697,4,2025-02-10 07:55:02.650612,view
user_0338,rest_0338,4,2025-01-30 18:50:02.650612,view
user_0403,rest_0209,4,2024-12-02 16:08:02.650612,bookmark
user_0034,rest_0110,4,2025-04-23 19:16:02.650612,like
user_0366,rest_0151,3,2025-07-09 18:50:02.650612,like
user_0359,rest_0483,5,2025-03-20 20:12:02.650612,view
user_0490,rest_0152,2,2024-11-11 21:57:02.650612,bookmark
user_0375,rest_0437,5,2025-04-22 07:02:02.650612,view
user_0445,rest_0189,5,2024-12-01 07:08:02.650612,view
user_0125,rest_0092,3,2025-07-05 09:08:02.650612,like
user_0485,rest_0176,4,2025-04-15 19:20:02.650612,review
user_0079,rest_0030,5,2025-08-10 21:37:02.650612,like
user_0257,rest_0298,5,2025-04-07 09:42:02.650612,review
user_0080,rest_0896,5,2024-11-03 12:23:02.650612,like
user_0380,rest_0886,5,2025-07-29 21:13:02.650612,review
user_0430,rest_0992,3,2025-09-06 10:29:02.650612,bookmark
user_0014,rest_0022,4,2024-12-09 13:05:02.650612,view
user_0247,rest_0468,5,2025-02-24 22:18:02.650612,view
user_0490,rest_0996,5,2024-12-25 06:47:02.650612,review
user_0371,rest_0220,5,2024-11-22 18:42:02.650612,view
user_0169,rest_0590,5,2025-05-31 23:31:02.650612,like
user_0148,rest_0308,4,2025-09-01 10:04:02.650612,view
user_0310,rest_0071,5,2024-12-04 14:39:02.650612,review
user_0458,rest_0243,4,2024-11-04 10:19:02.650612,like
user_0478,rest_0610,4,2024-10-21 04:35:02.650612,bookmark
user_0180,rest_0625,3,2024-12-17 18:48:02.650612,review
user_0191,rest_0580,2,2025-04-16 12:27:02.650612,bookmark
user_0349,rest_0845,4,2025-08-11 21:46:02.650612,like
user_0004,rest_0526,4,2024-11-09 05:23:02.650612,like
user_0037,rest_0319,5,2025-05-11 17:04:02.650612,bookmark
user_0238,rest_0596,4,2024-12-18 19:05:02.650612,review
user_0290,rest_0886,5,2025-07-21 08:02:02.650612,bookmark
user_0242,rest_0378,5,2025-01-02 20:47:02.650612,review
user_0138,rest_0488,4,2024-12-15 22:08:02.650612,view
user_0268,rest_0959,5,2025-01-27 01:52:02.650612,view
user_0214,rest_0326,3,2025-06-18 18:49:02.650612,like
user_0375,rest_0270,4,2024-12-03 10:58:02.650612,like
user_0444,rest_0978,5,2025-05-30 16:28:02.650612,review
user_0171,rest_0326,5,2024-12-16 10:26:02.650612,bookmark
user_0108,rest_0075,5,2025-05-07 13:23:02.650612,view
user_0337,rest_0408,3,2025-04-17 17:14:02.650612,view
user_0498,rest_0015,4,2025-07-29 16:24:02.650612,view
user_0219,rest_0780,2,2025-08-08 08:45:02.650612,like
user_0264,rest_0486,4,2025-01-12 23:44:02.650612,like
user_0469,rest_0788,4,2025-06-27 01:19:02.650612,like
user_0223,rest_0592,5,2025-07-17 00:00:02.650612,view
user_0398,rest_0096,5,2025-01-17 16:56:02.650612,like
user_0152,rest_0565,3,2025-01-20 19:48:02.650612,review
user_0394,rest_0476,5,2024-10-13 04:04:02.650612,like
user_0321,rest_0513,5,2025-07-09 23:06:02.650612,review
user_0054,rest_0877,4,2025-01-29 01:04:02.650612,view
user_0407,rest_0692,3,2024-10-24 11:39:02.650612,view
user_0413,rest_0567,5,2025-02-15 20:56:02.650612,like
user_0002,rest_0812,3,2025-01-24 23:11:02.650612,view
user_0274,rest_0562,4,2025-06-06 00:12:02.650612,bookmark
user_0333,rest_0094,5,2025-05-28 09:31:02.650612,review
user_0088,rest_0524,2,2025-02-07 08:05:02.650612,bookmark
user_0318,rest_0956,4,2025-04-01 09:11:02.650612,bookmark
user_0419,rest_0010,3,2024-12-10 21:31:02.650612,bookmark
user_0271,rest_0550,5,2024-10-01 23:10:02.650612,bookmark
user_0367,rest_0995,4,2025-05-13 14:49:02.650612,bookmark
user_0308,rest_0317,5,2025-01-05 23:34:02.650612,bookmark
user_0215,rest_0601,5,2025-05-06 01:37:02.650612,bookmark
user_0295,rest_0279,4,2024-09-26 16:49:02.650612,view
user_0206,rest_0060,4,2025-06-17 12:01:02.650612,bookmark
user_0330,rest_0608,3,2025-05-14 23:52:02.650612,review
user_0370,rest_0669,5,2025-02-26 07:24:02.650612,view
user_0201,rest_0478,5,2025-05-07 11:53:02.650612,view
user_0316,rest_0931,4,2025-01-08 21:51:02.650612,view
user_0071,rest_0015,4,2025-03-01 18:45:02.650612,review
user_0444,rest_0049,4,2024-10-08 23:02:02.650612,bookmark
user_0357,rest_0386,3,2024-11-26 14:28:02.650612,view
user_0064,rest_0618,3,2024-12-01 14:55:02.650612,review
user_0446,rest_0196,3,2025-08-14 19:53:02.650612,like
user_0355,rest_0309,5,2025-05-27 21:12:02.650612,view
user_0343,rest_0760,4,2025-04-02 02:30:02.650612,view
user_0174,rest_0076,3,2025-07-16 12:31:02.650612,bookmark
user_0123,rest_0486,5,2025-05-10 01:16:02.650612,view
user_0231,rest_0585,4,2024-11-16 13:04:02.650612,bookmark
user_0225,rest_0808,3,2024-11-05 21:40:02.650612,review
user_0206,rest_0506,3,2025-02-05 12:37:02.650612,review
user_0348,rest_0555,5,2025-01-21 23:13:02.650612,view
user_0141,rest_0242,4,2025-07-31 18:44:02.650612,review
user_0200,rest_0272,4,2025-01-07 19:51:02.650612,bookmark
user_0253,rest_0605,4,2024-12-30 07:39:02.650612,bookmark
user_0375,rest_0942,5,2024-12-20 12:57:02.650612,review
user_0035,rest_0599,4,2025-03-06 10:08:02.650612,view
user_0171,rest_0156,4,2025-01-29 22:09:02.650612,view
user_0419,rest_0245,3,2025-08-31 05:52:02.650612,like
user_0386,rest_0971,4,2024-11-03 23:18:02.650612,bookmark
user_0129,rest_0041,4,2024-09-23 07:18:02.650612,bookmark
user_0247,rest_0922,5,2025-09-03 12:45:02.650612,view
user_0327,rest_0959,5,2025-02-04 16:42:02.650612,review
user_0169,rest_0536,3,2025-04-18 04:18:02.650612,like
user_0359,rest_0459,4,2025-07-26 23:26:02.650612,review
user_0075,rest_0386,3,2024-12-02 12:17:02.650612,like
user_0033,rest_0989,3,2024-09-24 10:01:02.650612,like
user_0156,rest_0475,4,2025-03-16 17:52:02.650612,view
user_0025,rest_0490,3,2025-03-15 05:49:02.650612,like
user_0488,rest_0915,4,2025-02-02 00:45:02.650612,like
user_0016,rest_0309,5,2025-03-17 03:50:02.650612,review
user_0462,rest_0777,4,2025-01-28 05:37:02.650612,bookmark
user_0128,rest_0079,4,2025-06-27 02:18:02.650612,bookmark
user_0223,rest_0286,4,2025-06-13 10:43:02.650612,bookmark
user_0236,rest_0192,4,2025-06-29 20:48:02.650612,review
user_0343,rest_0002,5,2025-06-09 10:52:02.650612,view
user_0043,rest_0980,3,2025-08-14 23:20:02.650612,view
user_0442,rest_0914,5,2025-07-13 17:31:02.650612,view
user_0359,rest_0511,4,2024-11-29 13:46:02.650612,review
user_0069,rest_0591,4,2025-08-28 16:53:02.650612,like
user_0058,rest_0418,5,2024-12-04 15:55:02.650612,view
user_0011,rest_0523,5,2025-08-19 03:09:02.650612,like
user_0188,rest_0735,4,2025-04-05 08:43:02.650612,view
user_0217,rest_0616,4,2025-02-09 10:06:02.650612,review
user_0227,rest_0796,4,2025-03-17 00:28:02.650612,review
user_0141,rest_0560,4,2024-12-07 07:31:02.650612,like
user_0077,rest_0966,3,2025-07-02 06:28:02.650612,like
user_0201,rest_0143,5,2025-08-13 11:23:02.650612,review
user_0357,rest_0702,2,2025-07-11 07:36:02.650612,review
user_0034,rest_0153,5,2024-12-07 03:05:02.650612,view
user_0243,rest_0072,4,2025-01-13 19:49:02.650612,like
user_0058,rest_0058,4,2024-10-24 10:47:02.650612,bookmark
user_0102,rest_0498,3,2025-05-26 10:42:02.650612,bookmark
user_0115,rest_0079,4,2024-12-08 09:51:02.650612,like
user_0414,rest_0311,4,2024-09-19 07:48:02.650612,review
user_0290,rest_0410,5,2024-10-23 06:10:02.650612,review
user_0320,rest_0745,4,2024-10-23 14:04:02.650612,like
user_0118,rest_0033,4,2025-06-20 06:00:02.650612,like
user_0029,rest_0439,4,2024-11-12 14:29:02.650612,bookmark
user_0334,rest_0704,4,2025-03-09 09:15:02.650612,like
user_0031,rest_0703,5,2024-10-24 14:56:02.650612,view
user_0486,rest_0344,4,2025-07-26 22:55:02.650612,review
user_0370,rest_0886,4,2024-10-05 11:31:02.650612,like
user_0116,rest_0853,3,2024-10-14 20:48:02.650612,like
user_0377,rest_0230,3,2025-05-20 21:23:02.650612,review
user_0070,rest_0821,4,2024-11-16 15:56:02.650612,bookmark
user_0121,rest_0781,3,2025-07-14 20:13:02.650612,review
user_0290,rest_0361,3,2024-09-24 19:14:02.650612,view
user_0039,rest_0011,4,2025-04-29 01:17:02.650612,view
user_0278,rest_0730,3,2025-09-13 19:51:02.650612,bookmark
user_0118,rest_0389,5,2025-06-27 02:06:02.650612,bookmark
user_0072,rest_0438,5,2025-01-15 18:27:02.650612,review
user_0487,rest_0362,3,2025-05-29 21:16:02.650612,bookmark
user_0114,rest_0890,4,2024-12-20 17:26:02.650612,view
user_0479,rest_0517,5,2025-07-25 06:58:02.650612,bookmark
user_0140,rest_0934,4,2025-01-22 13:17:02.650612,bookmark
user_0292,rest_0812,2,2025-07-29 04:22:02.650612,bookmark
user_0311,rest_0642,3,2025-02-21 14:41:02.650612,bookmark
user_0238,rest_0398,5,2025-03-19 11:39:02.650612,like
user_0209,rest_0845,4,2024-10-27 04:56:02.650612,bookmark
user_0335,rest_0643,5,2024-11-14 16:01:02.650612,like
user_0499,rest_0748,4,2025-08-30 07:33:02.650612,view
user_0307,rest_0688,4,2024-11-10 22:31:02.650612,review
user_0121,rest_0076,4,2025-07-06 07:52:02.650612,review
user_0012,rest_0510,3,2025-03-20 06:25:02.650612,bookmark
user_0466,rest_0927,4,2024-11-10 15:12:02.650612,bookmark
user_0375,rest_0584,5,2025-06-13 21:37:02.650612,review
user_0168,rest_0900,5,2025-03-21 03:28:02.650612,bookmark
user_0334,rest_0674,5,2025-01-12 10:49:02.650612,review
user_0473,rest_0139,3,2025-04-13 17:36:02.650612,like
user_0310,rest_0399,4,2025-02-10 06:19:02.650612,view
user_0460,rest_0433,4,2025-05-06 20:09:02.650612,view
user_0214,rest_0681,5,2025-06-27 18:58:02.650612,review
user_0220,rest_0133,3,2024-12-10 22:07:02.650612,review
user_0150,rest_0561,4,2025-03-08 14:37:02.650612,view
user_0369,rest_0738,4,2025-03-17 10:57:02.650612,review
user_0322,rest_0241,5,2025-04-28 05:47:02.650612,review
user_0358,rest_0198,2,2024-12-19 19:48:02.650612,view
user_0395,rest_0246,3,2025-02-16 11:20:02.650612,view
user_0146,rest_0983,4,2025-02-27 01:08:02.650612,view
user_0315,rest_0333,4,2025-03-13 05:09:02.650612,view
user_0224,rest_0634,5,2024-12-12 05:57:02.650612,bookmark
user_0142,rest_0279,4,2024-12-31 13:52:02.650612,like
user_0099,rest_0395,5,2024-09-30 07:12:02.650612,bookmark
user_0266,rest_0963,3,2025-05-07 05:57:02.650612,view
user_0366,rest_0353,4,2024-11-17 10:55:02.650612,review
user_0252,rest_0052,4,2024-11-26 04:45:02.650612,view
user_0495,rest_0644,4,2024-10-27 19:49:02.650612,like
user_0372,rest_0150,5,2024-12-06 12:20:02.650612,bookmark
user_0266,rest_0591,4,2025-06-29 17:52:02.650612,view
user_0004,rest_0869,3,2025-07-14 08:54:02.650612,like
user_0344,rest_0872,5,2025-05-15 00:30:02.650612,like
user_0222,rest_0479,5,2025-06-29 15:12:02.650612,like
user_0430,rest_0292,3,2025-02-13 17:30:02.650612,review
user_0306,rest_0452,5,2025-05-21 05:05:02.650612,like
user_0360,rest_0237,5,2025-05-22 11:37:02.650612,review
user_0148,rest_0187,5,2025-01-05 09:02:02.650612,bookmark
user_0210,rest_0580,3,2025-05-01 09:24:02.650612,bookmark
user_0467,rest_0348,4,2025-05-23 19:13:02.650612,bookmark
user_0410,rest_0442,5,2025-09-12 06:57:02.650612,bookmark
user_0265,rest_0925,3,2025-06-18 02:09:02.650612,review
user_0375,rest_0001,5,2024-09-22 21:53:02.650612,view
user_0012,rest_0112,3,2025-09-04 03:01:02.650612,bookmark
user_0383,rest_0557,3,2025-03-29 16:24:02.650612,like
user_0077,rest_0800,4,2025-07-15 08:11:02.650612,bookmark
user_0219,rest_0229,4,2025-04-13 13:16:02.650612,review
user_0499,rest_0032,5,2025-01-13 10:22:02.650612,review
user_0414,rest_0853,4,2024-10-28 23:34:02.650612,like
user_0042,rest_0490,3,2025-07-29 11:32:02.650612,like
user_0077,rest_0958,5,2025-09-04 14:37:02.650612,review
user_0446,rest_0459,4,2025-09-05 02:47:02.650612,review
user_0387,rest_0796,3,2025-06-10 19:06:02.650612,like
user_0497,rest_0547,5,2025-04-22 11:09:02.650612,review
user_0280,rest_0222,4,2024-09-21 05:06:02.650612,review
user_0332,rest_0128,3,2025-02-12 12:42:02.650612,like
user_0236,rest_0686,5,2025-03-05 19:45:02.650612,like
user_0096,rest_0890,3,2024-11-04 13:28:02.650612,bookmark
user_0048,rest_0650,5,2025-05-14 15:09:02.650612,view
user_0452,rest_0321,4,2025-08-03 20:58:02.650612,like
user_0140,rest_0881,4,2025-04-23 14:45:02.650612,bookmark
user_0303,rest_0652,5,2025-01-05 04:10:02.650612,bookmark
user_0288,rest_0332,4,2025-06-11 14:40:02.650612,review
user_0436,rest_0862,5,2025-02-05 19:54:02.650612,review
user_0110,rest_0562,5,2025-07-28 00:08:02.650612,like
user_0165,rest_0498,4,2024-10-13 00:31:02.650612,review
user_0271,rest_0710,4,2025-07-23 02:09:02.650612,bookmark
user_0364,rest_0663,4,2025-04-28 13:27:02.650612,review
user_0350,rest_0803,5,2025-04-27 16:21:02.650612,like
user_0343,rest_0887,3,2025-04-22 02:38:02.650612,like
user_0005,rest_0818,3,2025-03-20 12:11:02.650612,view
user_0471,rest_0937,4,2025-02-02 21:40:02.650612,bookmark
user_0067,rest_0809,4,2024-11-16 21:27:02.650612,view
user_0160,rest_0784,4,2025-06-22 04:53:02.650612,like
user_0342,rest_0391,3,2024-12-24 12:08:02.650612,bookmark
user_0101,rest_0797,3,2025-04-14 01:39:02.650612,view
user_0179,rest_0774,4,2025-05-13 14:52:02.650612,view
user_0045,rest_0855,3,2024-11-02 01:45:02.650612,view
user_0095,rest_0712,5,2025-08-02 20:48:02.650612,like
user_0482,rest_0176,4,2025-08-31 16:56:02.650612,like
user_0067,rest_0498,5,2025-03-30 18:17:02.650612,like
user_0427,rest_0341,5,2024-12-28 01:17:02.650612,bookmark
user_0299,rest_0254,3,2025-06-19 14:12:02.650612,review
user_0106,rest_0216,4,2025-06-01 13:52:02.650612,bookmark
user_0288,rest_0156,4,2025-07-14 21:19:02.650612,view
user_0322,rest_0946,3,2024-09-21 01:25:02.650612,review
user_0171,rest_0542,3,2024-11-07 01:57:02.650612,bookmark
user_0156,rest_0520,3,2025-06-23 01:47:02.650612,view
user_0124,rest_0644,4,2025-03-27 15:20:02.650612,review
user_0347,rest_0781,3,2024-10-07 03:47:02.650612,view
user_0472,rest_0550,5,2025-07-19 18:32:02.650612,like
user_0384,rest_0629,4,2025-08-22 06:49:02.650612,view
user_0410,rest_0240,5,2025-04-07 01:28:02.650612,view
user_0337,rest_0506,3,2024-12-14 05:18:02.650612,view
user_0094,rest_0248,3,2024-12-30 09:04:02.650612,like
user_0176,rest_0827,5,2025-06-25 17:24:02.650612,like
user_0361,rest_0274,4,2024-11-05 08:07:02.650612,bookmark
user_0330,rest_0689,5,2025-05-30 02:01:02.650612,like
user_0488,rest_0092,3,2024-12-09 08:42:02.650612,view
user_0006,rest_0474,4,2024-11-21 14:31:02.650612,review
user_0343,rest_0667,4,2024-10-14 05:26:02.650612,bookmark
user_0232,rest_0242,5,2025-05-12 05:01:02.650612,view
user_0187,rest_0526,3,2025-07-20 17:22:02.650612,bookmark
user_0213,rest_0070,4,2025-03-02 05:39:02.650612,view
user_0234,rest_0008,5,2025-03-03 07:01:02.650612,like
user_0371,rest_0245,4,2025-08-09 19:18:02.650612,review
user_0205,rest_0306,4,2025-01-26 19:40:02.650612,view
user_0343,rest_0538,5,2025-04-09 01:42:02.650612,bookmark
user_0139,rest_0556,3,2024-12-31 20:49:02.650612,review
user_0336,rest_0611,4,2025-01-31 10:37:02.650612,bookmark
user_0049,rest_0240,5,2024-09-26 18:19:02.650612,like
user_0006,rest_0688,4,2025-02-27 07:51:02.650612,review
user_0206,rest_0169,2,2025-07-05 22:39:02.650612,review
user_0015,rest_0981,3,2025-07-13 01:38:02.650612,bookmark
user_0391,rest_0970,3,2025-02-09 13:46:02.650612,review
user_0275,rest_0127,3,2025-07-23 23:05:02.650612,review
user_0111,rest_0174,3,2024-11-12 14:17:02.650612,like
user_0142,rest_0819,4,2025-03-21 16:05:02.650612,bookmark
user_0050,rest_0038,4,2025-08-17 09:25:02.650612,review
user_0442,rest_0176,4,2024-12-08 10:22:02.650612,like
user_0328,rest_0462,4,2025-07-23 06:54:02.650612,like
user_0492,rest_0283,4,2024-10-03 17:42:02.650612,review
user_0490,rest_0766,5,2025-06-18 23:44:02.650612,view
user_0371,rest_0161,4,2025-04-08 19:48:02.650612,view
user_0186,rest_0601,5,2025-06-05 16:40:02.650612,review
user_0053,rest_0466,4,2025-01-29 14:47:02.650612,view
user_0369,rest_0793,4,2025-04-16 17:20:02.650612,like
user_0467,rest_0131,3,2025-05-22 02:15:02.650612,view
user_0037,rest_0041,4,2025-09-15 11:47:02.650612,like
user_0358,rest_0642,4,2025-02-04 15:01:02.650612,like
user_0013,rest_0930,3,2025-03-25 14:22:02.650612,bookmark
user_0355,rest_0393,5,2025-07-25 05:53:02.650612,review
user_0299,rest_0213,3,2025-03-22 19:31:02.650612,review
user_0329,rest_0462,5,2025-05-31 06:32:02.650612,bookmark
user_0194,rest_0341,5,2024-10-20 06:13:02.650612,bookmark
user_0105,rest_0609,5,2025-02-06 15:48:02.650612,view
user_0332,rest_0452,5,2025-05-30 10:35:02.650612,view
user_0379,rest_0108,5,2025-08-22 21:24:02.650612,view
user_0034,rest_0083,4,2025-06-17 19:33:02.650612,view
user_0126,rest_0438,5,2024-12-19 18:58:02.650612,like
user_0233,rest_0881,5,2025-07-25 04:34:02.650612,bookmark
user_0400,rest_0729,3,2025-08-06 22:11:02.650612,review
user_0059,rest_0957,4,2025-05-18 02:05:02.650612,like
user_0291,rest_0219,4,2025-04-24 23:45:02.650612,review
user_0320,rest_0516,3,2024-12-19 10:59:02.650612,bookmark
user_0240,rest_0511,4,2024-12-16 22:47:02.650612,review
user_0241,rest_0155,4,2025-02-17 15:12:02.650612,like
user_0371,rest_0874,4,2025-01-29 11:58:02.650612,bookmark
user_0189,rest_0885,3,2025-03-06 19:21:02.650612,bookmark
user_0230,rest_0273,3,2025-07-02 08:47:02.650612,review
user_0206,rest_0875,5,2025-04-14 07:40:02.650612,like
user_0140,rest_0694,5,2025-09-12 02:12:02.650612,bookmark
user_0404,rest_0070,3,2025-06-29 13:46:02.650612,like
user_0310,rest_0367,2,2024-10-16 23:02:02.650612,bookmark
user_0224,rest_0967,5,2025-07-07 13:47:02.650612,bookmark
user_0285,rest_0664,5,2025-02-13 18:00:02.650612,like
user_0170,rest_0361,3,2025-09-12 04:15:02.650612,view
user_0071,rest_0869,4,2025-04-15 09:24:02.650612,review
user_0270,rest_0568,5,2025-06-06 07:00:02.650612,review
user_0324,rest_0034,4,2024-10-25 14:04:02.650612,view
user_0418,rest_0611,5,2025-05-06 19:08:02.650612,bookmark
user_0037,rest_0771,4,2025-07-08 06:28:02.650612,review
user_0455,rest_0461,4,2025-07-08 04:59:02.650612,review
user_0009,rest_0119,5,2025-03-01 09:08:02.650612,bookmark
user_0438,rest_0211,3,2025-08-28 06:33:02.650612,review
user_0295,rest_0395,5,2024-12-01 02:18:02.650612,like
user_0051,rest_0723,5,2025-07-21 21:48:02.650612,like
user_0276,rest_0669,5,2024-10-22 06:54:02.650612,bookmark
user_0106,rest_0732,4,2024-12-09 09:16:02.650612,like
user_0101,rest_0886,4,2025-03-30 14:51:02.650612,view
user_0212,rest_0507,4,2024-11-02 12:22:02.650612,review
user_0439,rest_0401,3,2025-03-20 05:52:02.650612,view
user_0333,rest_0834,4,2025-09-10 22:40:02.650612,review
user_0165,rest_0936,5,2025-01-22 01:35:02.650612,view
user_0390,rest_0325,3,2025-07-19 02:54:02.650612,bookmark
user_0421,rest_0431,3,2024-12-14 01:58:02.650612,like
user_0318,rest_0125,3,2024-09-30 06:00:02.650612,review
user_0268,rest_0576,5,2024-11-06 20:21:02.650612,like
user_0326,rest_0651,5,2025-05-18 11:56:02.650612,bookmark
user_0276,rest_0769,4,2025-07-28 17:44:02.650612,view
user_0100,rest_0081,4,2025-06-07 00:50:02.650612,like
user_0206,rest_0920,3,2025-07-27 23:14:02.650612,like
user_0128,rest_0896,5,2025-08-20 05:20:02.650612,review
user_0460,rest_0063,5,2025-04-21 07:41:02.650612,like
user_0435,rest_0627,5,2025-04-02 16:02:02.650612,like
user_0093,rest_0512,4,2025-08-06 21:52:02.650612,like
user_0096,rest_0895,3,2025-07-09 08:27:02.650612,like
user_0381,rest_0342,4,2025-06-07 06:20:02.650612,like
user_0130,rest_0232,5,2025-05-24 13:28:02.650612,view
user_0493,rest_0932,4,2024-11-04 03:28:02.650612,view
user_0151,rest_0327,4,2025-03-13 05:27:02.650612,review
user_0099,rest_0035,4,2025-08-31 03:48:02.650612,view
user_0271,rest_0102,3,2024-12-06 23:42:02.650612,like
user_0439,rest_0856,4,2024-10-12 08:17:02.650612,review
user_0000,rest_0395,5,2025-09-14 13:41:02.650612,bookmark
user_0034,rest_0435,4,2025-04-15 00:08:02.650612,review
user_0421,rest_0692,3,2025-01-19 08:49:02.650612,like
user_0141,rest_0599,3,2025-04-09 23:45:02.650612,like
user_0105,rest_0974,4,2025-08-27 04:47:02.650612,bookmark
user_0078,rest_0903,4,2025-03-10 04:01:02.650612,review
user_0215,rest_0245,4,2024-11-09 04:52:02.650612,bookmark
user_0463,rest_0499,4,2025-06-04 06:25:02.650612,bookmark
user_0182,rest_0204,3,2024-11-07 18:50:02.650612,review
user_0340,rest_0109,4,2025-09-14 11:34:02.650612,review
user_0021,rest_0978,5,2025-07-16 16:05:02.650612,view
user_0020,rest_0391,3,2025-04-30 10:35:02.650612,view
user_0412,rest_0644,4,2025-04-26 17:57:02.650612,view
user_0110,rest_0182,4,2024-09-29 16:20:02.650612,view
user_0410,rest_0082,4,2025-05-08 04:21:02.650612,bookmark
user_0401,rest_0594,5,2025-05-09 18:39:02.650612,bookmark
user_0170,rest_0642,5,2025-06-19 19:50:02.650612,like
user_0195,rest_0917,5,2025-09-14 11:21:02.650612,bookmark
user_0297,rest_0845,4,2025-06-03 18:40:02.650612,bookmark
user_0356,rest_0239,5,2024-11-02 22:44:02.650612,review
user_0408,rest_0642,3,2025-07-04 22:19:02.650612,like
user_0415,rest_0732,4,2024-09-23 05:14:02.650612,view
user_0290,rest_0968,4,2024-12-21 12:36:02.650612,review
user_0382,rest_0503,3,2025-03-22 04:26:02.650612,bookmark
user_0359,rest_0986,3,2025-06-19 14:07:02.650612,view
user_0087,rest_0520,4,2025-05-04 13:40:02.650612,view
user_0458,rest_0133,4,2025-09-13 00:03:02.650612,bookmark
user_0202,rest_0887,3,2025-05-06 05:33:02.650612,bookmark
user_0169,rest_0254,3,2025-06-04 09:08:02.650612,bookmark
user_0441,rest_0406,4,2025-07-25 21:44:02.650612,bookmark
user_0484,rest_0335,3,2025-09-10 17:23:02.650612,review
user_0093,rest_0327,3,2025-03-17 01:44:02.650612,review
user_0450,rest_0657,5,2024-11-02 01:15:02.650612,review
user_0102,rest_0270,4,2025-08-14 16:04:02.650612,bookmark
user_0285,rest_0168,4,2025-03-26 23:09:02.650612,view
user_0006,rest_0956,5,2025-04-01 05:00:02.650612,bookmark
user_0439,rest_0163,4,2024-12-14 02:39:02.650612,review
user_0499,rest_0618,4,2025-09-01 00:37:02.650612,bookmark
user_0293,rest_0287,5,2025-04-30 18:53:02.650612,like
user_0318,rest_0286,4,2025-06-18 23:50:02.650612,bookmark
user_0460,rest_0206,2,2024-12-24 15:08:02.650612,bookmark
user_0283,rest_0463,5,2025-01-21 07:08:02.650612,like
user_0101,rest_0747,4,2025-08-03 09:24:02.650612,review
user_0193,rest_0318,5,2024-09-29 11:05:02.650612,bookmark
user_0021,rest_0827,5,2024-11-01 05:56:02.650612,like
user_0447,rest_0822,4,2025-06-04 12:53:02.650612,like
user_0260,rest_0445,4,2025-09-08 21:57:02.650612,like
user_0473,rest_0250,4,2025-01-18 17:51:02.650612,bookmark
user_0022,rest_0613,3,2025-07-20 03:38:02.650612,bookmark
user_0353,rest_0485,2,2025-04-16 08:16:02.650612,like
user_0129,rest_0666,3,2025-08-03 18:24:02.650612,view
user_0114,rest_0780,3,2024-11-13 23:09:02.650612,review
user_0034,rest_0019,4,2025-03-03 01:46:02.650612,bookmark
user_0133,rest_0344,4,2024-11-17 08:51:02.650612,like
user_0094,rest_0354,3,2025-09-06 22:14:02.650612,review
user_0315,rest_0195,5,2024-11-29 10:37:02.650612,view
user_0393,rest_0945,4,2025-02-25 21:35:02.650612,view
user_0485,rest_0169,2,2025-01-23 01:21:02.650612,review
user_0028,rest_0948,3,2024-12-04 05:31:02.650612,view
user_0115,rest_0580,2,2024-12-25 06:41:02.650612,review
user_0308,rest_0831,5,2025-06-29 01:08:02.650612,bookmark
user_0273,rest_0067,3,2024-12-12 19:58:02.650612,bookmark
user_0189,rest_0075,5,2024-11-09 17:13:02.650612,view
user_0195,rest_0846,3,2024-10-16 08:48:02.650612,view
user_0321,rest_0795,4,2025-06-22 22:00:02.650612,review
user_0197,rest_0488,5,2025-07-29 08:27:02.650612,like
user_0128,rest_0780,2,2025-08-08 10:29:02.650612,like
user_0184,rest_0548,5,2025-02-10 16:45:02.650612,like
user_0073,rest_0115,5,2025-04-15 18:55:02.650612,like
user_0205,rest_0162,3,2025-08-03 07:12:02.650612,review
user_0109,rest_0982,4,2025-05-14 23:33:02.650612,review
user_0102,rest_0676,4,2025-06-26 01:41:02.650612,review
user_0393,rest_0730,3,2025-04-10 14:49:02.650612,like
user_0077,rest_0821,4,2025-05-14 03:54:02.650612,like
user_0402,rest_0065,5,2024-09-26 20:57:02.650612,view
user_0182,rest_0644,4,2024-12-03 02:18:02.650612,view
user_0148,rest_0378,3,2025-07-01 01:56:02.650612,like
user_0386,rest_0641,5,2025-03-31 11:23:02.650612,review
user_0042,rest_0520,5,2025-05-27 20:38:02.650612,review
user_0250,rest_0812,2,2024-12-10 21:40:02.650612,like
user_0172,rest_0340,4,2025-08-19 10:41:02.650612,view
user_0463,rest_0625,4,2025-04-02 21:43:02.650612,bookmark
user_0282,rest_0528,3,2025-02-08 04:04:02.650612,review
user_0458,rest_0449,4,2024-11-20 23:14:02.650612,view
user_0442,rest_0252,1,2024-09-23 19:50:02.650612,bookmark
user_0496,rest_0241,4,2025-03-05 17:05:02.650612,view
user_0474,rest_0579,5,2024-11-02 18:04:02.650612,view
user_0098,rest_0510,4,2024-12-27 18:30:02.650612,like
user_0346,rest_0178,3,2024-10-18 10:10:02.650612,view
user_0498,rest_0582,4,2024-11-19 18:47:02.650612,view
user_0116,rest_0456,5,2025-08-08 14:17:02.650612,review
user_0386,rest_0289,2,2024-10-17 22:30:02.650612,bookmark
user_0220,rest_0419,2,2025-05-02 20:46:02.650612,view
user_0291,rest_0589,3,2025-02-27 10:21:02.650612,review
user_0087,rest_0271,3,2025-03-16 09:28:02.650612,review
user_0206,rest_0364,5,2025-05-12 10:08:02.650612,like
user_0076,rest_0656,3,2024-12-26 20:30:02.650612,review
user_0142,rest_0855,3,2025-05-24 15:45:02.650612,review
user_0221,rest_0232,4,2024-12-07 11:41:02.650612,view
user_0148,rest_0625,4,2025-06-09 11:50:02.650612,like
user_0306,rest_0176,5,2025-02-08 06:45:02.650612,bookmark
user_0406,rest_0231,4,2024-12-25 00:19:02.650612,like
user_0127,rest_0793,4,2025-05-14 20:19:02.650612,view
user_0136,rest_0031,4,2025-04-04 02:49:02.650612,bookmark
user_0364,rest_0209,4,2024-10-17 11:14:02.650612,like
user_0324,rest_0943,5,2025-03-18 15:29:02.650612,like
user_0163,rest_0449,4,2025-02-24 15:55:02.650612,like
user_0152,rest_0273,3,2024-11-29 05:00:02.650612,view
user_0333,rest_0794,3,2025-04-19 22:22:02.650612,review
user_0160,rest_0948,3,2025-02-04 10:16:02.650612,like
user_0145,rest_0479,5,2024-11-21 06:00:02.650612,view
user_0072,rest_0311,5,2025-03-28 13:00:02.650612,review
user_0330,rest_0910,3,2024-12-17 06:38:02.650612,view
user_0365,rest_0232,5,2024-10-18 22:07:02.650612,like
user_0384,rest_0557,2,2025-04-10 13:02:02.650612,review
user_0355,rest_0097,5,2024-11-01 02:27:02.650612,like
user_0021,rest_0079,4,2025-01-14 00:54:02.650612,like
user_0252,rest_0974,4,2025-09-17 18:25:02.650612,view
user_0020,rest_0050,3,2024-10-05 02:13:02.650612,review
user_0188,rest_0195,5,2024-12-10 08:12:02.650612,like
user_0274,rest_0650,5,2025-08-04 19:38:02.650612,bookmark
user_0333,rest_0910,2,2024-10-01 10:37:02.650612,review
user_0104,rest_0104,5,2024-10-08 08:50:02.650612,view
user_0105,rest_0708,4,2025-07-05 19:46:02.650612,bookmark
user_0237,rest_0319,5,2025-08-03 03:35:02.650612,bookmark
user_0158,rest_0474,4,2024-12-18 06:12:02.650612,review
user_0127,rest_0208,3,2024-11-09 20:53:02.650612,view
user_0317,rest_0826,4,2024-09-22 04:58:02.650612,view
user_0081,rest_0290,4,2025-03-24 02:40:02.650612,like
user_0143,rest_0503,3,2024-09-28 05:48:02.650612,view
user_0460,rest_0434,5,2024-11-28 04:28:02.650612,like
user_0405,rest_0441,4,2025-05-18 00:59:02.650612,view
user_0139,rest_0364,5,2025-09-11 14:29:02.650612,view
user_0110,rest_0556,3,2025-08-30 08:00:02.650612,view
user_0498,rest_0030,5,2024-10-09 17:03:02.650612,bookmark
user_0136,rest_0423,3,2025-02-03 02:14:02.650612,review
user_0414,rest_0133,4,2025-08-14 21:54:02.650612,review
user_0278,rest_0138,4,2025-08-20 07:45:02.650612,like
user_0455,rest_0198,3,2025-06-03 16:08:02.650612,bookmark
user_0450,rest_0863,4,2025-05-31 13:01:02.650612,view
user_0294,rest_0919,5,2025-06-25 17:09:02.650612,like
user_0479,rest_0168,5,2025-08-19 08:13:02.650612,bookmark
user_0232,rest_0356,5,2025-09-07 02:44:02.650612,view
user_0253,rest_0135,3,2024-10-23 18:18:02.650612,like
user_0386,rest_0972,5,2025-01-02 13:39:02.650612,view
user_0151,rest_0640,4,2024-12-21 17:03:02.650612,view
user_0179,rest_0788,5,2025-09-10 11:54:02.650612,review
user_0492,rest_0348,4,2024-10-31 11:15:02.650612,view
user_0042,rest_0733,5,2025-08-05 23:28:02.650612,review
user_0017,rest_0515,4,2025-06-26 18:53:02.650612,review
user_0048,rest_0080,5,2024-11-21 14:54:02.650612,view
user_0035,rest_0234,3,2025-05-12 04:43:02.650612,review
user_0129,rest_0863,4,2025-09-09 12:30:02.650612,like
user_0437,rest_0511,5,2025-02-12 15:20:02.650612,review
user_0127,rest_0109,4,2025-08-17 01:48:02.650612,review
user_0022,rest_0329,4,2025-01-09 06:54:02.650612,review
user_0466,rest_0603,4,2024-12-10 00:07:02.650612,view
user_0033,rest_0057,5,2025-08-23 07:29:02.650612,review
user_0070,rest_0507,5,2024-12-07 22:35:02.650612,like
user_0340,rest_0863,4,2025-08-20 13:22:02.650612,bookmark
user_0244,rest_0845,4,2025-08-19 01:36:02.650612,review
user_0153,rest_0745,3,2025-09-11 07:59:02.650612,bookmark
user_0006,rest_0310,4,2025-08-23 04:36:02.650612,view
user_0410,rest_0642,4,2025-08-22 11:29:02.650612,review
user_0109,rest_0765,2,2025-04-03 13:39:02.650612,view
user_0423,rest_0242,4,2024-10-17 09:01:02.650612,bookmark
user_0325,rest_0317,5,2025-07-20 12:17:02.650612,review
user_0395,rest_0472,3,2025-07-20 20:25:02.650612,view
user_0287,rest_0102,5,2024-11-30 16:01:02.650612,bookmark
user_0142,rest_0852,4,2025-05-12 16:50:02.650612,bookmark
user_0309,rest_0054,4,2025-02-21 11:31:02.650612,review
user_0355,rest_0874,3,2025-09-01 15:37:02.650612,like
user_0463,rest_0873,4,2025-01-17 14:11:02.650612,bookmark
user_0346,rest_0099,4,2025-01-30 15:26:02.650612,like
user_0266,rest_0086,5,2025-02-13 16:14:02.650612,like
user_0254,rest_0785,4,2025-04-05 11:44:02.650612,bookmark
user_0275,rest_0045,5,2025-01-25 15:03:02.650612,bookmark
user_0201,rest_0409,3,2024-12-22 04:58:02.650612,review
user_0281,rest_0011,3,2025-02-05 12:35:02.650612,review
user_0160,rest_0712,4,2024-12-17 23:22:02.650612,view
user_0142,rest_0830,5,2025-06-18 04:07:02.650612,view
user_0216,rest_0165,4,2025-08-21 14:02:02.650612,view
user_0077,rest_0005,3,2025-07-13 06:47:02.650612,like
user_0488,rest_0315,4,2025-07-06 19:38:02.650612,bookmark
user_0456,rest_0303,5,2025-01-07 04:05:02.650612,view
user_0228,rest_0774,5,2024-11-06 22:25:02.650612,review
user_0226,rest_0590,5,2025-04-01 15:47:02.650612,review
user_0310,rest_0722,4,2024-11-29 18:03:02.650612,review
user_0106,rest_0359,4,2025-03-16 08:16:02.650612,like
user_0449,rest_0614,3,2024-09-29 17:58:02.650612,like
user_0011,rest_0148,4,2025-03-12 07:23:02.650612,view
user_0178,rest_0721,4,2025-03-23 04:29:02.650612,like
user_0086,rest_0742,4,2025-07-13 16:32:02.650612,like
user_0433,rest_0678,4,2025-03-31 07:02:02.650612,like
user_0081,rest_0782,5,2025-09-08 13:02:02.650612,bookmark
user_0130,rest_0568,5,2025-02-14 00:53:02.650612,review
user_0095,rest_0388,5,2025-02-23 01:32:02.650612,view
user_0317,rest_0925,3,2025-08-18 19:10:02.650612,bookmark
user_0120,rest_0804,3,2024-12-26 15:44:02.650612,view
user_0091,rest_0222,5,2024-12-21 03:49:02.650612,view
user_0416,rest_0647,4,2025-06-01 21:24:02.650612,like
user_0085,rest_0850,3,2024-12-05 00:14:02.650612,bookmark
user_0236,rest_0817,4,2024-12-15 18:06:02.650612,like
user_0386,rest_0676,5,2025-06-21 19:24:02.650612,review
user_0384,rest_0060,5,2025-04-13 01:31:02.650612,review
user_0105,rest_0045,5,2025-03-24 05:06:02.650612,review
user_0191,rest_0821,3,2025-05-24 02:47:02.650612,view
user_0154,rest_0405,3,2024-11-27 20:56:02.650612,like
user_0364,rest_0247,5,2024-12-30 10:07:02.650612,review
user_0491,rest_0904,2,2024-11-30 16:58:02.650612,view
user_0244,rest_0548,4,2025-05-19 22:21:02.650612,bookmark
user_0099,rest_0216,4,2025-06-03 00:59:02.650612,view
user_0287,rest_0133,3,2024-09-29 12:12:02.650612,bookmark
user_0235,rest_0782,5,2025-03-03 05:22:02.650612,view
user_0259,rest_0668,4,2024-12-04 08:20:02.650612,review
user_0136,rest_0354,3,2024-12-25 22:38:02.650612,review
user_0218,rest_0319,4,2025-01-25 01:59:02.650612,view
user_0402,rest_0343,5,2025-05-14 01:58:02.650612,review
user_0058,rest_0559,3,2025-05-10 06:38:02.650612,bookmark
user_0167,rest_0805,4,2025-08-24 17:52:02.650612,bookmark
user_0481,rest_0380,3,2025-05-30 19:24:02.650612,view
user_0284,rest_0450,5,2025-01-07 03:28:02.650612,like
user_0474,rest_0718,5,2025-06-21 12:22:02.650612,review
user_0290,rest_0993,5,2024-10-28 03:09:02.650612,review
user_0033,rest_0312,4,2024-10-16 09:24:02.650612,review
user_0189,rest_0908,4,2025-01-15 11:55:02.650612,review
user_0301,rest_0111,4,2025-04-25 03:17:02.650612,like
user_0172,rest_0440,5,2025-03-03 14:23:02.650612,view
user_0051,rest_0637,3,2024-09-21 00:33:02.650612,review
user_0431,rest_0514,4,2025-09-03 18:21:02.650612,view
user_0020,rest_0057,5,2025-02-22 06:05:02.650612,view
user_0298,rest_0856,3,2024-10-07 14:59:02.650612,like
user_0404,rest_0294,3,2025-04-05 11:05:02.650612,bookmark
user_0428,rest_0482,4,2025-07-27 05:07:02.650612,view
user_0133,rest_0502,3,2025-09-10 12:05:02.650612,review
user_0145,rest_0641,5,2025-03-09 17:09:02.650612,review
user_0414,rest_0533,3,2025-06-04 05:17:02.650612,review
user_0167,rest_0097,4,2025-05-11 00:44:02.650612,like
user_0075,rest_0852,4,2025-05-04 00:08:02.650612,view
user_0458,rest_0774,4,2024-10-04 07:09:02.650612,review
user_0098,rest_0793,4,2024-10-11 21:52:02.650612,bookmark
user_0494,rest_0064,4,2025-09-15 06:27:02.650612,like
user_0212,rest_0775,5,2025-03-07 00:01:02.650612,like
user_0464,rest_0725,5,2024-12-18 09:01:02.650612,view
user_0103,rest_0933,4,2025-03-06 17:41:02.650612,bookmark
user_0114,rest_0515,5,2025-02-17 16:53:02.650612,view
user_0202,rest_0394,5,2025-06-15 03:01:02.650612,like
user_0220,rest_0684,5,2024-10-25 04:33:02.650612,review
user_0339,rest_0444,4,2025-07-11 02:33:02.650612,bookmark
user_0399,rest_0914,5,2025-01-15 08:34:02.650612,bookmark
user_0102,rest_0978,4,2025-04-23 22:20:02.650612,like
user_0050,rest_0109,3,2025-01-27 01:41:02.650612,bookmark
user_0343,rest_0592,5,2024-12-08 09:12:02.650612,like
user_0327,rest_0974,4,2024-12-04 23:53:02.650612,view
user_0488,rest_0876,3,2025-02-02 01:06:02.650612,review
user_0314,rest_0068,4,2024-10-29 07:49:02.650612,view
user_0412,rest_0707,3,2025-01-23 19:00:02.650612,view
user_0175,rest_0242,3,2025-09-05 13:11:02.650612,review
user_0179,rest_0362,4,2025-04-04 09:05:02.650612,review
user_0357,rest_0868,4,2025-01-11 17:58:02.650612,review
user_0021,rest_0971,4,2024-12-21 20:35:02.650612,bookmark
user_0478,rest_0604,3,2025-03-09 09:46:02.650612,view
user_0174,rest_0513,4,2024-10-03 16:19:02.650612,like
user_0217,rest_0416,4,2024-11-09 21:18:02.650612,like
user_0143,rest_0332,4,2025-04-14 22:32:02.650612,bookmark
user_0378,rest_0605,4,2024-09-27 20:17:02.650612,bookmark
user_0445,rest_0809,4,2025-06-12 15:37:02.650612,view
user_0185,rest_0709,4,2025-01-30 06:19:02.650612,view
user_0118,rest_0022,4,2025-02-23 13:47:02.650612,view
user_0035,rest_0114,4,2025-07-14 20:05:02.650612,review
user_0041,rest_0144,5,2024-12-20 16:57:02.650612,view
user_0362,rest_0190,3,2025-09-01 12:14:02.650612,review
user_0220,rest_0952,5,2025-08-24 08:11:02.650612,bookmark
user_0176,rest_0331,3,2025-07-16 09:57:02.650612,bookmark
user_0020,rest_0323,4,2025-01-22 19:01:02.650612,view
user_0494,rest_0500,3,2024-11-13 13:59:02.650612,like
user_0356,rest_0816,4,2024-11-10 06:12:02.650612,review
user_0451,rest_0454,2,2025-02-09 04:10:02.650612,review
user_0393,rest_0764,4,2025-06-14 22:36:02.650612,review
user_0199,rest_0353,4,2025-05-20 03:27:02.650612,like
user_0010,rest_0931,4,2024-11-10 03:56:02.650612,bookmark
user_0270,rest_0356,5,2024-09-27 06:48:02.650612,review
user_0290,rest_0300,5,2025-05-21 02:10:02.650612,view
user_0375,rest_0831,5,2025-04-22 04:43:02.650612,bookmark
user_0300,rest_0898,4,2025-04-10 17:52:02.650612,bookmark
user_0049,rest_0444,4,2025-08-02 02:55:02.650612,like
user_0166,rest_0975,2,2025-03-08 07:29:02.650612,like
user_0272,rest_0922,5,2025-01-11 09:34:02.650612,view
user_0353,rest_0947,3,2025-07-03 00:13:02.650612,review
user_0443,rest_0526,5,2025-05-14 09:33:02.650612,view
user_0367,rest_0278,4,2025-01-04 02:22:02.650612,view
user_0018,rest_0516,4,2025-07-14 09:06:02.650612,bookmark
user_0277,rest_0342,4,2025-09-08 18:59:02.650612,review
user_0169,rest_0740,1,2025-06-01 14:13:02.650612,bookmark
user_0356,rest_0663,3,2024-11-05 16:35:02.650612,view
user_0423,rest_0352,3,2024-11-23 05:28:02.650612,view
user_0370,rest_0558,4,2025-08-04 05:52:02.650612,review
user_0272,rest_0209,5,2025-04-19 23:04:02.650612,like
user_0108,rest_0807,5,2025-04-16 23:26:02.650612,like
user_0453,rest_0897,5,2025-07-18 13:41:02.650612,like
user_0488,rest_0856,4,2024-12-14 15:52:02.650612,review
user_0310,rest_0551,4,2024-09-27 02:24:02.650612,bookmark
user_0461,rest_0370,5,2025-09-10 13:53:02.650612,view
user_0286,rest_0638,5,2025-08-15 14:44:02.650612,like
user_0464,rest_0635,4,2025-07-24 13:55:02.650612,view
user_0275,rest_0246,4,2025-01-28 06:34:02.650612,like
user_0265,rest_0294,3,2025-04-30 22:26:02.650612,view
user_0235,rest_0792,4,2025-02-05 06:00:02.650612,view
user_0391,rest_0994,5,2024-09-30 17:43:02.650612,view
user_0015,rest_0162,3,2024-12-10 19:50:02.650612,view
user_0190,rest_0133,2,2025-08-05 19:37:02.650612,view
user_0344,rest_0572,3,2025-06-02 16:17:02.650612,bookmark
user_0393,rest_0660,4,2024-12-15 05:31:02.650612,view
user_0239,rest_0654,4,2025-07-19 20:59:02.650612,bookmark
user_0453,rest_0938,5,2025-03-12 16:20:02.650612,view
user_0062,rest_0317,5,2024-12-02 04:31:02.650612,like
user_0420,rest_0772,4,2025-07-09 08:45:02.650612,view
user_0208,rest_0152,2,2025-04-15 15:53:02.650612,review
